{
    "$schema": "http://schema.management.azure.com/schemas/2015-01-01/deploymentTemplate.json#",
    "contentVersion": "1.0.0.0",
    "parameters": {
        "factoryName": {
            "type": "string",
            "metadata": "Data Factory name",
            "defaultValue": "retaildata-adf1"
        },
        "ls_datalake_adls_accountKey": {
            "type": "secureString",
            "metadata": "Secure string for 'accountKey' of 'ls_datalake_adls'"
        },
        "ls_blobsa_connectionString": {
            "type": "secureString",
            "metadata": "Secure string for 'connectionString' of 'ls_blobsa'"
        },
        "ls_sql_db_password": {
            "type": "secureString",
            "metadata": "Secure string for 'password' of 'ls_sql_db'"
        },
        "ls_kv_retaildata_kv_properties_typeProperties_baseUrl": {
            "type": "string",
            "defaultValue": "https://retaildata-kv.vault.azure.net/"
        },
        "ls_amazoms3_retaildata_properties_typeProperties_accessKeyId": {
            "type": "object",
            "defaultValue": {
                "type": "AzureKeyVaultSecret",
                "store": {
                    "referenceName": "ls_kv_retaildata_kv",
                    "type": "LinkedServiceReference"
                },
                "secretName": "s3accesskeyid"
            }
        },
        "ls_datalake_adls_properties_typeProperties_url": {
            "type": "string",
            "defaultValue": "https://retaildatadatalakesa.dfs.core.windows.net/"
        },
        "ls_sql_db_properties_typeProperties_server": {
            "type": "string",
            "defaultValue": "retailsqlserver1.database.windows.net"
        },
        "ls_sql_db_properties_typeProperties_database": {
            "type": "string",
            "defaultValue": "retailsqldb"
        },
        "ls_sql_db_properties_typeProperties_userName": {
            "type": "string",
            "defaultValue": "retaildb"
        },
        "tr_ingest_process_orders_properties_typeProperties_scope": {
            "type": "string",
            "defaultValue": "/subscriptions/c9939a34-52b0-4a0a-9cb5-6a03f1daff58/resourceGroups/retaildata-rg/providers/Microsoft.Storage/storageAccounts/retaildatablobsa"
        },
        "containerUri": {
            "type": "string",
            "metadata": "URI to storage account containing linked ARM templates"
        },
        "containerSasToken": {
            "type": "string",
            "metadata": "Sas token to storage account containing linked ARM templates"
        }
    },
    "variables": {
        "factoryId": "[concat('Microsoft.DataFactory/factories/', parameters('factoryName'))]"
    },
    "resources": [
        {
            "name": "retaildata-adf1_ArmTemplate_0",
            "type": "Microsoft.Resources/deployments",
            "apiVersion": "2018-02-01",
            "properties": {
                "mode": "incremental",
                "templateLink": {
                    "uri": "[concat(parameters('containerUri'), '/ArmTemplate_0.json', parameters('containerSasToken'))]",
                    "contentVersion": "1.0.0.0"
                },
                "parameters": {
                    "factoryName": {
                        "value": "[parameters('factoryName')]"
                    },
                    "ls_datalake_adls_accountKey": {
                        "value": "[parameters('ls_datalake_adls_accountKey')]"
                    },
                    "ls_blobsa_connectionString": {
                        "value": "[parameters('ls_blobsa_connectionString')]"
                    },
                    "ls_sql_db_password": {
                        "value": "[parameters('ls_sql_db_password')]"
                    },
                    "ls_kv_retaildata_kv_properties_typeProperties_baseUrl": {
                        "value": "[parameters('ls_kv_retaildata_kv_properties_typeProperties_baseUrl')]"
                    },
                    "ls_datalake_adls_properties_typeProperties_url": {
                        "value": "[parameters('ls_datalake_adls_properties_typeProperties_url')]"
                    },
                    "ls_sql_db_properties_typeProperties_server": {
                        "value": "[parameters('ls_sql_db_properties_typeProperties_server')]"
                    },
                    "ls_sql_db_properties_typeProperties_database": {
                        "value": "[parameters('ls_sql_db_properties_typeProperties_database')]"
                    },
                    "ls_sql_db_properties_typeProperties_userName": {
                        "value": "[parameters('ls_sql_db_properties_typeProperties_userName')]"
                    },
                    "ls_amazoms3_retaildata_properties_typeProperties_accessKeyId": {
                        "value": "[parameters('ls_amazoms3_retaildata_properties_typeProperties_accessKeyId')]"
                    },
                    "tr_ingest_process_orders_properties_typeProperties_scope": {
                        "value": "[parameters('tr_ingest_process_orders_properties_typeProperties_scope')]"
                    }
                }
            },
            "dependsOn": []
        }
    ]
}